{
    "gyro_offset": [
        -0.013891755378045807,
        -0.013377482775145026,
        0.004085402874442742
    ],
    "accel_offset": [
        0.006100425830078131,
        -0.08802042983398442,
        0.4639550684326057
    ],
    "mag_offset": [
        7.222800000000008,
        4.535100000000002,
        41.93909999999998
    ]
}