{
    "gyro_offset": [
        -0.013732410809893118,
        -0.01370949503587787,
        0.003834928135206105
    ],
    "accel_offset": [
        0.002331952416992187,
        -0.14494018010253898,
        0.46995493779295927
    ],
    "mag_offset": [
        -1.9896000000000034,
        3.631500000000002,
        27.887999999999973
    ]
}